Workbook

Sheet Инструкция
A1: BBC: выравнивание абхазского↔русского (модель Opus) — экспертная оценка
A3: Вы оцениваете КАЧЕСТВО ВЫРАВНИВАНИЯ, а не качество перевода.
A4: Абхазский и русский текст взяты из одного источника. Различается только то, КАК текст разбит на части и сопоставлен. Оцените, соответствуют ли друг другу абхазская и русская стороны в каждой паре.
A6: Каждый лист — отдельная серия BBC; на нём 30 ИДУЩИХ ПОДРЯД пар из этой серии. Пары намеренно соседние: так видно ошибки СЕГМЕНТАЦИИ — например, одно предложение, разрезанное на две пары, или фрагмент, попавший из соседней пары.
A8: Столбец «Соответствие» (выпадающий список):
A9: Верно — стороны сопоставлены правильно и разумно разбиты. Естественное сжатие перевода (субтитры короче исходного текста) — это всё равно «Верно».
A10: Частично — партнёр верный, но границы неудачны: фраза попала не в ту пару, лишняя или потеряна ИЗ-ЗА разреза (а не из-за самого перевода).
A11: Неверно — стороны не соответствуют друг другу (не тот партнёр).
A13: Важно — про «потерянный смысл». Если фраза есть на одной стороне, но отсутствует на другой, определите причину:
A14: • её «отрезало» выравнивание — фраза есть рядом (в соседней паре) или должна была войти сюда → «Частично» + «Плохая сегментация» (это ошибка модели).
A15: • её просто НЕТ в самом переводе — русские субтитры короче абхазского текста → это НЕ ошибка выравнивания: ставьте «Верно» и при необходимости «Ошибка перевода/источника».
A17: Жёлтые строки — намеренные ПРОПУСКИ (одна сторона пустая, например титры на экране без перевода). Поставьте «Верно», если строку правильно оставить без пары, иначе «Неверно».
... A27: Примечание: № в первом столбце — это номер пары в ПОЛНОМ выравнивании серии (не подряд 1..N), чтобы потом найти проблемную пару в исходных данных.

Sheet ВВС 1
A1: № | B1: Абхазский (ab) | C1: Русский (ru) | D1: Соответствие | E1: Тип ошибки | F1: Комментарии
A2: 243 | B2: Аха алымқәа рзы идуцәоуп. | C2: Но он слишком велик для львов.
A3: 244 | B3: Ан еиҳа иеиҵоуп. Иҟало аабап! | C3: А вот этот поменьше. Не попробовать ли?
A4: 245 | B4: Алым амацара ианыҟоу акгьы алшаӡом, аха рызегьы анеицуУи даҽа усуп. | C4: В одиночку у льва нет никаких шансов, но целый прайд - это другое дело.
A5: 246 | B5: Ара 30 ыҟоуп, дара зегьы асланқәа иахьа ирымбеит. | C5: Здесь 30 львов, и все они - опытные охотники на слонов.
A6: 247 | B6: Иаӡбаз жәбоит. Аслан иақәтәеит ихаланы. | C6: Какая охотничья тактика. Львица верхом на слоне.
A7: 248 | B7: Алымқәа аиааит. | C7: Львы победили.
A8: 249 | B8: Ани аслан ажьы дара зегьы мчыбжьык инеиҵамкәа ирызхоит. | C8: Мяса этого слона хватит прайду как минимум на неделю.
A9: 250 | B9: Асланқәа аӡыжәырҭақәа шшәарҭоу рдыруеит, аха уаҳа ԥсыхәа рымам. | C9: слоны знают, что эти водопои опасны, но у них нет выбора.
A10: 251 | B10: Ара имҩаԥысуа а хҭысқәа иуарҳәоит арҭ акаршәрақәа рҿы аԥсҭазааразы шаҟа аҵанакуа. | C10: Драмы, которые здесь разворачиваются - это жестокое напоминание о том, насколько важна вода для жизни на этих равнинах.
A11: 252 | B11: Аарҩарақәа анынҵәалак Шьаҭанкыла аԥсахрқәа мҩаԥысуеит. | C11: Когда засушливый сезон наконец заканчивается,
A12: 253 | B12: Аконтинент аҿы ақәоурақәа ирылагоит. | C12: в выжженных солнцем африканских саваннах происходят радикальные перемены. По континенту проносятся дожди,
A13: 254 | B13: Зыда ԥсыхәа ыҟам аҳаскьын еиҭа гылоит. | C13: необходимая трава оживает снова, и стада возвращаются.
... A32: 273 | B32: Аамҭақәа уажәы-уажәы рҽахьеиҭаркуа апланетаҿы Акаршәра дуқәа аҭхаџьреи амлакреи иахьеимаркуа ҭыԥуп. | C32: На планете, которой управляют сезоны, великие равнины - это изменчивое царство изобилия и голода.

Sheet ВВС 2
A1: № | B1: Абхазский (ab) | C1: Русский (ru) | D1: Соответствие | E1: Тип ошибки | F1: Комментарии
A2: 200 | B2: 296 Амшәқәа раамҭа еиҳарак аӡаҿы ирхыргоит. | C2: времени проводить в воде в этот период года.
A3: 201 | B3: 297 Ари амшә шьҭа шьҭахьҟа хынҳәышьа амаӡам. | C3: И у этого медведя обратного пути уже нет, он должен плыть всё дальше в море.
A4: 202 | B4: 298 Иҵегьы амшын агәахьы инаскьалароуп 299 афатә аԥшааразы. | C4: В поисках пищи.
A5: 203 | B5: 300 Аԥхьатәи ашьап дуқәа ацырхырааны иқәԥоит аокеан еиҭаҵра иаиааиразы. | C5: Огромные передние лапы помогают бороться с океаническими течениями.
A6: 204 | B6: 301 Аокеан аҿы аҩны иҟоушәа ахы абоит уҳәап, | C6: Кажется, что он чувствует себя как дома в океане,
A7: 205 | B7: 302 Аха ас ҵыхәаԥҵәарада изыӡсом. | C7: но он не может плыть бесконечно.
A8: 206 | B8: 303 Иӡааҟәрылоит ауп, иҳәаадоу ари аокеан аҿы дгьылк азымԥшаар. | C8: Он просто утонет, если не сможет найти сушу в бескрайнем океане.
A9: 207 | B9: 304 Насыԥны, алаԥшҳәаа ахьынаӡоз џьара дгьылбжьахақәак цәырҵит. | C9: К счастью, на горизонте появились острова.
A10: 208 | B10: 305 Амшынҳәақәа -моржи) илбааганы ишьҭоу адгьылбжьахақәа рҿы рҽеидыркылоит. | C10: Моржи собираются на низколежащих островах.
A11: 209 | B11: 306 Арҭ аҩадатәи ашьапҟьаҟьақәа аҵааҿоуп рыхшара ахьроуз, | C11: Эти крупные ластоногие севера произвели потомство на льдинах,
A12: 210 | B12: 307 Аха шьҭа, аҵаа анықәҵ, 308 Иахьықәиаша, рыхшара ахьныҟәыргаша аҭыԥқәа ирышьҭалароуп. | C12: но теперь, когда ледяной покров сошёл, они должны искать новые места для лежбищ и ухода за детёнышами.
A13: 211 | B13: 309 Амшә шкәакәа мышқәак рышьҭахь 310 аԥынҵа иҭасыз афҩы иашьҭаланы 311 иӡхыҵуеит аҟәарахьы. | C13: После нескольких дней плавания самец белого медведя, наконец, выходит на берег, привлечённый резким запахом со стороны острова.
... A31: 229 | B31: 331 Ан ахшара аԥхьа инагыланы иаҵәахуеит, 332 Амшә уи наҟ иаԥырызгоит ҳәа иаҿуп. | C31: самка заслоняет собой детёныша, медведь пытается отпихнуть её в сторону.

Sheet ВВС 4
A1: № | B1: Абхазский (ab) | C1: Русский (ru) | D1: Соответствие | E1: Тип ошибки | F1: Комментарии
A2: 110 | B2: Адгьылбжьаха ду Гвинеиа Ҿыц аҿы иҟоуп џьанаҭ ԥсаатәқәа ҳәа изышьҭоу 42 хкы. | C2: На громадном острове Новая гвинея обитает 42 вида райских птиц.
A3: 111 | B3: Ак аҵкыс егьи џьашьахәны. | C3: Одна причудливей другой.
A4: 112 | B4: Ари абнаҿы афатә даара ирацәоуп аҟнытә аԥшаара уадаҩӡам. | C4: В этом лесутак много пищи, что насытиться можно очень быстро.
A5: 113 | B5: Убри аҟнытә џьанаҭ ҵыс, паротиа захьӡу егьырҭ аусқәа ирыхьӡаратәы аамҭа рацәаны иамоуп. | C5: Благодаря этому у самца шестипёрой райской птицы паротии остаётся время на другие дела, например, уборку площадки для демонстрации.
A6: 114 | B6: Иаҳҳәап, арцына анааиуа азы аҽеилнаргоит. | C6: Всё должно быть безупречно.
A7: 115 | B7: Ак агны иҟалоума?! Шьҭа зегьы хиоуп. Уамашәа иубаратәы иҟоуп. | C7: Воттеперь всё готово. Впечатляет.
A8: 116 | B8: Аха избо ҳәа уаҩ дыҟам. | C8: Только никто не смотрит.
A9: 117 | B9: Ари арбаӷь арцына иаԥхьоит. Уи еиҳа разҟы аман. | C9: самец чудной райской птицы призывает самку. Ему везёт больше.
A10: 118 | B10: Иааит. | C10: Она появилась.
A11: 119 | B11: Аха иагәаԥхаразы иҟанаҵо аабап.Азныказы аҽыԥхьанакуеит нас гәҭакыс иамоу аанарԥшырц азы. | C11: Но что он сделает, чтобы произвести на неё впечатление?
A12: 120 | B12: Згәы камҳауа дарбану уџьабаа ахә аназырымшьа. | C12: Она удаляется для вынесения своего вердикта. Любой опустит руки, когда все старания оказываются напрасными.
A13: 121 | B13: Амра адгьыл аҿеиԥш аокеан аҿтәи аԥсҭазаарагьы анырра анаҭоит. | C13: солнце влияет на всю жизнь, как на суше, так и в океане.
... A31: 139 | B31: Адгьыл хыџьара ишаны хәҭак асакарақәа ирыҵаркуеит. | C31: Пустыни покрываюттреть земной поверхности, и с каждым годом их площадь увеличивается.

Sheet ВВС 5
A1: № | B1: Абхазский (ab) | C1: Русский (ru) | D1: Соответствие | E1: Тип ошибки | F1: Комментарии
A2: 12 | B2: Атыҩша ҵәыҵәырақәа рыла иҭәу аӡиақәа ирҳәоит адгьыл аҵаҟа аҵаулараҿы, авулкантә процессқәа аилашра ишаҿу. | C2: Озёра, заполненные серной кислотой, говорят о том, что глубоко под землёй идут бурные вулканические процессы.
A3: 13 | B3: Ари Данакил аҭаҳароуп. Ефиопиа иҟоуп. | C3: Это - впадина Данакиль в Эфиопии,
A4: 14 | B4: Адгьыл ацәа аиҟәыршьшьарҭа ду аҿы, маҷ-маҷ аидыҵра иаҿу архитектоникатә плитақәа ҩба реиҿагыларҭаҿы ишьҭоуп. | C4: она находится в гигантской трещине земной коры, на стыке двухтектонических плит, которые медленно отодвигаются друг от друга.
A5: 15 | B5: Аҵантә, абри аиҟәжәарҭахьтә ибжьыҵны хыхь ихалоит алава, аки-аки иеишьҭаргыланы авулкан ҿыцқәа зхылҵуа. | C5: Через этот разлом из недр на поверхность поднимается лава, создавая цепь молодых вулканов.
A6: 16 | B6: Авулкан Ерте Але. Апланетаҿы зегьы раасҭа мчы змоу. | C6: Вулкан Эрте Але - самый активный вулкан на планете,
A7: 17 | B7: Ари авулкан аҭаҳараҿы иҟоуп иӡыҭыз алава зҭатәоу аӡиа. Уи шьҭа 100 шықәса иреиҳауп аилашра иаҿуижьҭеи. | C7: в его кратере находится озеро расплавленной лавы, которое кипит уже больше 100 лет.
A8: 18 | B8: Анкьа зны абарҭ атектоникатә мчқәа роуп ишьақәзыргылаз Ефиопиатәи аҳаракырагьы. | C8: Когда-то те же самые тектонические силы создали Эфиопское нагорье.
A9: 19 | B9: 70 миллион шықәса раԥхьа абри аҭыԥ аҿы иҟан Данакила аҭаҳара аҵан ишьҭаз акаршәра еиужь. | C9: 70 миллионов лет назад на этом месте была плоская равнина, лежавшая на глубине впадины Данакиль.
A10: 20 | B10: Иӡыҭыз алава адгьыл аҵантә ихаланы, каршәра дуны ишьҭалеит, Уи аҭбаара 800 км рҟынӡа инаӡоит. | C10: Расплавленная лава, поднимавшаяся из недр земли, образовала огромное плато шириной в восемьсот километров
A11: 21 | B11: Африкагьы хыбраҵас иахагылоу иароуп. | C11: - крышу Африки.
A12: 22 | B12: Азқьышықәсақәа рыҩныҵҟала ақәеи аҵаақәеи идыршәыз алава зықәцәқәа ҵару аҩхаақәаны игылт. | C12: За многие тысячелетия дожди и льды превратили застывшую лаву в остроконечные пики и каньоны.
A13: 23 | B13: Арҭ ашьхақәа рҿы хә-километрак инарзынаԥшуа аҳаракыраҿы ԥстәы џьашьахәқәак нхоит – Геллады захьӡу амаамынқәа. | C13: В этих горах, на почти пятикилометровой высоте живут уникальные животные - обезьяны геллады.
... A31: 41 | B31: Арҭ аҽнышьыбжьон қәылара ицаӡом. | C31: Они не станут нападать среди бела дня.

Sheet ВВС 7
A1: № | B1: Абхазский (ab) | C1: Русский (ru) | D1: Соответствие | E1: Тип ошибки | F1: Комментарии
A2: 70 | B2: Абас акенгуру ажәӡы ихылҩа-ԥсылҩаханы, ианақәбалак ашьа архьшәашәоит. | C2: И слюна, испаряясь, охлаждает кровь.
A3: 71 | B3: Абри асахьала иубоит абри апроцесс шаҟа лыҵшәа аманы имҩаԥысуа. | C3: Тепловое изображение показывает, насколько эффективен этот процесс.
A4: 72 | B4: Аеҵәа ԥшшәы иеиҳа ихьшәашәаз ацәеижьхәҭақәа роуп. | C4: Голубой цвет - это более холодные части тела.
A5: 73 | B5: Ажәӡы шақәбаз еиԥшҵәҟьа, еиҭа иналагоит ари апроцесс, аха уи акенгуру аорганизм акыр аӡы ацәнарӡуеит. | C5: Кактолько слюна высыхает, процесс приходится начинать сначала, и это сильно истощает запас жидкости в организме кенгуру.
A6: 74 | B6: Ашәшьыраҿгьы адгьыл адырган еиԥшҵәҟьа ишуп, убри аҟнытә акенгуру аԥслымӡ хыхьтәи аҿыгҳара еиԥхьырттаауа, ажра иалагоит еиҳа иахьыхьшәашәоу аҟынӡа инаӡаразы. | C6: Даже в тени земля раскалена, как сковородка, поэтому кенгуру раскапывают верхний, горячий слой песка, чтобы добраться до более прохладных его слоёв.
A7: 75 | B7: Абас, ашәшьыра рҽаҭаны, рцәеижь ашыра рыжәӡала ирхьшәашәо, акенгуруқәа амра ацара рмысыртә, рхы иацклаԥшуа, ашоура бааԥсқәа рхыргоит. | C7: И воттак, держась в тени, регулируя температурутела при помощи слюны, кенгуру способны пережить самое жаркое время суток без теплового удара.
A8: 76 | B8: Аха аԥстәқәа реиҳарак ас мацара рхы рзыхьчаӡом. | C8: Но для большинства животныхтакой стратегии для выживания мало.
A9: 77 | B9: Фенека захьӡу африкатәи абгахәыҷы алымҳа дуқәа аԥхарреиҭныԥсахлара апроцесс иалахәуп, аха арҭ аԥстәқәа даҽакалагьы рыҽдырхьшәашәоит. | C9: Огромные уши африканской лисички фенека участвуют в процессе теплообмена, но у этих животных есть ещё один способ охлаждения.
A10: 78 | B10: Урҭ амш зегьы анышә ихәыҵоуп, амра ҭашәо ианалагалак ихәыҵыҵуеит ауп. | C10: Просто весь день они проводят под землёй и вылезают на закате.
A11: 79 | B11: Алашьцара аиҭакрақәа маҷымкәа иацны иааиуеит. Сахара уахынла ҽынла аасҭа аҳауа 30 градус иеиҵахоит, уахынла аԥацәа цәырҵны ихәмарыртә аҟынӡа ихьшәашәарахоит. | C11: Ночная темнота приносит огромные перемены, в сахаре ночная температура ниже дневной на 30 градусов, то есть достаточно прохладно, чтобы детёныши могли поиграть.
A12: 80 | B12: Зыҭрақәа ирҭымҵуа арбану. Урҭ ирылоуп џьашьахәқәакгьы. | C12: Всевозможные существа вылезают из своих убежищ, в том числе весьма необычные.
A13: 81 | B13: Аҽаҩрадаӷьқәа рцәа аӡы алсуеит аҟынтә, шьыбжьагәазы амра анкацеиуа, аӡыдара иаганы иԥсыр алшоит азы рхыхьчарҭақәа ианырҭыҵуа уахынлоуп. | C13: Кожа у жаб водопроницаемая, и в полуденный зной им грозит смерть от обезвоживания, лишь ночью они могут покинуть свои убежища.
... A31: 99 | B31: Анаҟә иааԥмырҟьаӡакәа иахьышьақәгыло иабзоураны акактусқәа ахәы рықәиааиуеит (ихәтәуеит), урҭ аӡы бзиа ирбоит азы шәымгьарҵас (губка)аӡы алрыцәцәаауеит. | C31: Туман образуется настолько регулярно, что на кактусах образуются влаголюбивые лишайники, они поглощают влагу как губки.

Sheet ВВС 9
A1: № | B1: Абхазский (ab) | C1: Русский (ru) | D1: Соответствие | E1: Тип ошибки | F1: Комментарии
A2: 132 | B2: Адунеи аҿы зегь раасҭа иҭбаау аӡиақәа зегьы - Викториа, Ниагара, Игәуасу А ӡиасқәа амшын иахьалало ауп иахьыҟоу. | C2: Все самые широкие водопады мира: виктория, Ниагара и Игуасу располагаются в низовьях рек.
A3: 133 | B3: Рымҩа ахыркәшарахь ианнеи нахыс, аӡиасқәа хыҵны, адәқәа ирықәланы рҿынархоит, икараԥсараха. | C3: На последнем этапе своего пути реки разливаются и устало текут по заливным лугам.
A4: 134 | B4: Есышықәса, ақәоурақәа ианрылагалак, Бразилиа аӡиас Парана аҳәаақәа ирҭыҵуеит, ихыҵны, Англиа иаҵанакуа аҭыԥ иаҟараны адәқәа ирхыҵәоит. | C4: Ежегодно в сезон дождей в Бразилии река Парана выходит из берегов и затапливаеттерриторию равную по площади Англии.
A5: 135 | B5: Ари Пантанау захьӡу, адунеи аҿы зегь реиҳа зымҽхазкуа ӡбаарруоуп. | C5: Это - Пантанал - самые обширные болота в мире.
A6: 136 | B6: Ашьшьыҳәа илеиуа аӡқәа рҿы аӡҵиаақәа ирызҳауеит, Викториа Реиге захьӡу аӡышәҭ, Ари абыяьқәа рыҭбаара ҩ-метрак рҟынӡа ыҟоуп. | C6: В этих медленнотекущих водах процветают водные растения, такие как гигантская кувшинка виктория Реггия, листья её достигают двух метров в диаметре.
A7: 137 | B7: Арҭ аӡаҵаҟатәи абнақәа, хыԥхьаӡара рацәала, аԥсыӡқәа ахьыҿио ҭыԥуп. | C7: Эти подводные леса служат местом размножения многочисленных рыб.
A8: 138 | B8: Ара хышә инарзынаԥшуа ԥсыӡхкы ҭоуп, Агәыҵаҟаԥшь пирании налаҵаны. | C8: Здесь обитает более 300 видов рыб, включая краснобрюхих пираний.
A9: 139 | B9: Иҟоуп егьырҭ агыгшәыг-ԥсыӡқәа, иаҳҳәап, агәылшьап-каиман. | C9: Есть и другие хищники, например, крокодиловый кайман.
A10: 140 | B10: Алаҳа аныҟала иныҿшәаны аӡы иҭаҳауеит, ари амла иакуа аԥсыӡ фатәыс ирымоуп. | C10: спелые фиги, которые падают в воду, служат пищей стаям голодных рыб.
A11: 141 | B11: Ари абжьы арахь иаанагоит, дорадо захьӡу аԥсыӡ. | C11: Этот шум привлекает рыбу дорадо, которую местные рыбаки называют речным тигром.
A12: 142 | B12: Аҭыԥантәи аԥсыӡкҩцәа аӡиас бжьас ҳәа иашьҭоуп. | C12: Дорадо патрулирует стаи рыб,
A13: 143 | B13: Дорадо - аԥсыӡ ҳәыԥкны иахьабаз иԥшыхәуеит, Иманшәалахар, ирыжәларазы. | C13: выжидая удобный момент для атаки.
... A31: 161 | B31: %ьоукы аӡаҵаҟа ибзианы аӡсашьа рҵеит. | C31: Некоторые молодые освоили подводное плавание.

Sheet ВВС 10
A1: № | B1: Абхазский (ab) | C1: Русский (ru) | D1: Соответствие | E1: Тип ошибки | F1: Комментарии
A2: 126 | B2: Амшын аҩысҭаа уаххьа ымфаӡакәа мышқәак иазыԥшыр алшоит, Иақәнагоу афатә аԥыхьашәаанӡа. | C2: Морской чёрт может ждать несколько дней, пока не подвернётся ужин подходящего размера.
A3: 127 | B3: Аԥхаԥсжьы бзиа избо, афатә аԥшааразы акыр иныҟәароуп. | C3: Любителям падали, напротив, приходится бегать в поисках пищи.
A4: 128 | B4: Адыӷаҷақәа аӡы гьама ҷыдак аиур, иаразнак игәарҭоит. | C4: Крабы способны различать малейшие оттенки вкуса в воде,
A5: 129 | B5: Убри аҟнытә урҭ хыхьынтә илеиз аԥхаԥсжьы ҿыц иаразнак ирыԥшаауеит. | C5: это позволяет им находить самые свежие трупы, упавшие сверху.
A6: 130 | B6: Арҭ амаҭ ԥсыӡқәа адоурҳан ажьы ацәынхақәа афара иалагахьеит. | C6: Угри уже пожирают останки акулы.
A7: 131 | B7: адыӷаҷа еиҟарашьапқәа, 30 см иҟоу, аилабаара иаҿу адоурҳан жьы рыцқәа наладырԥеит. | C7: Изоподы, равноногие рачки, похожие на гигантских мокриц, длиной 30 сантиметров, вгрызаются в гниющее мясо акулы.
A8: 132 | B8: Сааҭқәак рыҩныҵҟа аԥсхаԥсжьыфаҩцәа дасу рыхәҭаазы хацәнмырха иқәԥоит. | C8: В ближайшие несколько часов многочисленные падальщики будут вести ожесточённую борьбу за свою долю добычи.
A9: 133 | B9: Усоуп, аӡаҵаҿы зны-зынла ачара ду анеилашуа ҟалалоит. | C9: Да, изредка на дне бывает гигантский пир.
A10: 134 | B10: Абас ауп ишымҩаԥыуа иара, ирццакны уахәаԥшуазар. | C10: Воттак, если быстро посмотреть на то, что произошло.
A11: 135 | B11: Аха афатә акыраамҭа ианрызхогьы ҟалалоит. | C11: Но иногда пищи хватает надолго.
A12: 136 | B12: Ара агәылшьап абаҩ шьҭоуп. Уи ԥсиижьҭеи хәымыз раҟара ҵуеит. | C12: Здесь залегли останки кашалота. Он погиб около пяти месяцев назад,
A13: 137 | B13: Иацәынханы иҟоугьы шшақәак ақәуп, аха абаҩмацароуп. | C13: от него остался лишь скелет с остатками жира.
... A31: 155 | B31: Араҟагьы, аӡаҵаҟатәи аӡыԥхатә ҭаҳарақәа рҟынтә иҭырҩны . Алашьцара иалаҭәо аӡыршы. | C31: - это ещё один ряд подводных гидротермальных кратеров, извергающихся в темноте глубин.

Sheet Итоги
A1: Точность выравнивания (Opus) — вычисляется автоматически
A3: Серия | B3: Всего | C3: Оценено | D3: Верно | E3: Частично | F3: Неверно | G3: Точность | H3: Мягкая оценка
A4: ВВС 1 | B4: =COUNTA('ВВС 1'!A2:A100000) | C4: =COUNTIF('ВВС 1'!D2:D100000,"<>") | D4: =COUNTIF('ВВС 1'!D2:D100000,"Верно") | E4: =COUNTIF('ВВС 1'!D2:D100000,"Частично") | F4: =COUNTIF('ВВС 1'!D2:D100000,"Неверно") | G4: =IFERROR(COUNTIF('ВВС 1'!D2:D100000,"Верно")/COUNTIF('ВВС 1'!D2:D100000,"<>"),"") | H4: =IFERROR((COUNTIF('ВВС 1'!D2:D100000,"Верно")+0.5*COUNTIF('ВВС 1'!D2:D100000,"Частично"))/COUNTIF('ВВС 1'!D2:D100000,"<>"),"")
A5: ВВС 2 | B5: =COUNTA('ВВС 2'!A2:A100000) | C5: =COUNTIF('ВВС 2'!D2:D100000,"<>") | D5: =COUNTIF('ВВС 2'!D2:D100000,"Верно") | E5: =COUNTIF('ВВС 2'!D2:D100000,"Частично") | F5: =COUNTIF('ВВС 2'!D2:D100000,"Неверно") | G5: =IFERROR(COUNTIF('ВВС 2'!D2:D100000,"Верно")/COUNTIF('ВВС 2'!D2:D100000,"<>"),"") | H5: =IFERROR((COUNTIF('ВВС 2'!D2:D100000,"Верно")+0.5*COUNTIF('ВВС 2'!D2:D100000,"Частично"))/COUNTIF('ВВС 2'!D2:D100000,"<>"),"")
A6: ВВС 4 | B6: =COUNTA('ВВС 4'!A2:A100000) | C6: =COUNTIF('ВВС 4'!D2:D100000,"<>") | D6: =COUNTIF('ВВС 4'!D2:D100000,"Верно") | E6: =COUNTIF('ВВС 4'!D2:D100000,"Частично") | F6: =COUNTIF('ВВС 4'!D2:D100000,"Неверно") | G6: =IFERROR(COUNTIF('ВВС 4'!D2:D100000,"Верно")/COUNTIF('ВВС 4'!D2:D100000,"<>"),"") | H6: =IFERROR((COUNTIF('ВВС 4'!D2:D100000,"Верно")+0.5*COUNTIF('ВВС 4'!D2:D100000,"Частично"))/COUNTIF('ВВС 4'!D2:D100000,"<>"),"")
A7: ВВС 5 | B7: =COUNTA('ВВС 5'!A2:A100000) | C7: =COUNTIF('ВВС 5'!D2:D100000,"<>") | D7: =COUNTIF('ВВС 5'!D2:D100000,"Верно") | E7: =COUNTIF('ВВС 5'!D2:D100000,"Частично") | F7: =COUNTIF('ВВС 5'!D2:D100000,"Неверно") | G7: =IFERROR(COUNTIF('ВВС 5'!D2:D100000,"Верно")/COUNTIF('ВВС 5'!D2:D100000,"<>"),"") | H7: =IFERROR((COUNTIF('ВВС 5'!D2:D100000,"Верно")+0.5*COUNTIF('ВВС 5'!D2:D100000,"Частично"))/COUNTIF('ВВС 5'!D2:D100000,"<>"),"")
A8: ВВС 7 | B8: =COUNTA('ВВС 7'!A2:A100000) | C8: =COUNTIF('ВВС 7'!D2:D100000,"<>") | D8: =COUNTIF('ВВС 7'!D2:D100000,"Верно") | E8: =COUNTIF('ВВС 7'!D2:D100000,"Частично") | F8: =COUNTIF('ВВС 7'!D2:D100000,"Неверно") | G8: =IFERROR(COUNTIF('ВВС 7'!D2:D100000,"Верно")/COUNTIF('ВВС 7'!D2:D100000,"<>"),"") | H8: =IFERROR((COUNTIF('ВВС 7'!D2:D100000,"Верно")+0.5*COUNTIF('ВВС 7'!D2:D100000,"Частично"))/COUNTIF('ВВС 7'!D2:D100000,"<>"),"")
A9: ВВС 9 | B9: =COUNTA('ВВС 9'!A2:A100000) | C9: =COUNTIF('ВВС 9'!D2:D100000,"<>") | D9: =COUNTIF('ВВС 9'!D2:D100000,"Верно") | E9: =COUNTIF('ВВС 9'!D2:D100000,"Частично") | F9: =COUNTIF('ВВС 9'!D2:D100000,"Неверно") | G9: =IFERROR(COUNTIF('ВВС 9'!D2:D100000,"Верно")/COUNTIF('ВВС 9'!D2:D100000,"<>"),"") | H9: =IFERROR((COUNTIF('ВВС 9'!D2:D100000,"Верно")+0.5*COUNTIF('ВВС 9'!D2:D100000,"Частично"))/COUNTIF('ВВС 9'!D2:D100000,"<>"),"")
A10: ВВС 10 | B10: =COUNTA('ВВС 10'!A2:A100000) | C10: =COUNTIF('ВВС 10'!D2:D100000,"<>") | D10: =COUNTIF('ВВС 10'!D2:D100000,"Верно") | E10: =COUNTIF('ВВС 10'!D2:D100000,"Частично") | F10: =COUNTIF('ВВС 10'!D2:D100000,"Неверно") | G10: =IFERROR(COUNTIF('ВВС 10'!D2:D100000,"Верно")/COUNTIF('ВВС 10'!D2:D100000,"<>"),"") | H10: =IFERROR((COUNTIF('ВВС 10'!D2:D100000,"Верно")+0.5*COUNTIF('ВВС 10'!D2:D100000,"Частично"))/COUNTIF('ВВС 10'!D2:D100000,"<>"),"")
A11: ВСЕГО | B11: =SUM(B4:B10) | C11: =SUM(C4:C10) | D11: =SUM(D4:D10) | E11: =SUM(E4:E10) | F11: =SUM(F4:F10) | G11: =IFERROR(D11/C11,"") | H11: =IFERROR((D11+0.5*E11)/C11,"")
